date,realized_pnl,unrealized_pnl,total_pnl,position,spread,z_score
2023-02-01,0.0,0.0,0.0,0,-5.3187255859375,-1.1052255899252341
2023-02-02,0.0,0.0,0.0,0,-5.812309265136719,-1.1744901034849162
2023-02-03,0.0,0.0,0.0,0,0.7653427124023438,1.2985564322991192
2023-02-06,0.0,0.0,0.0,0,0.1065521240234375,1.0757918464591127
2023-02-07,-50.0,-0.0,-50.0,-1,4.8882904052734375,2.4124321961106743
2023-02-08,-50.0,308034.5153808594,307984.5153808594,-1,-1.27239990234375,0.37086681183560505
2023-02-09,-50.0,434235.00061035156,434185.00061035156,-1,-3.7964096069335938,-0.4642229607669384
2023-02-10,-50.0,424603.65295410156,424553.65295410156,-1,-3.6037826538085938,-0.423255051294917
2023-02-13,-50.0,519115.82946777344,519065.82946777344,-1,-5.494026184082031,-1.0953623524585003
2023-02-14,-50.0,523636.24572753906,523586.24572753906,-1,-5.584434509277344,-1.1153804277712889
2023-02-15,-50.0,484310.1501464844,484260.1501464844,-1,-4.79791259765625,-0.8513732471615785
2023-02-16,404784.33837890625,0.0,404784.33837890625,0,-3.2093963623046875,-0.2784073859536515
2023-02-17,404784.33837890625,0.0,404784.33837890625,0,-3.4124755859375,-0.2918781450296198
2023-02-21,404784.33837890625,0.0,404784.33837890625,0,-3.3372116088867188,-0.19053927894390105
2023-02-22,404784.33837890625,0.0,404784.33837890625,0,-4.686378479003906,-0.6122306081043745
2023-02-23,404784.33837890625,0.0,404784.33837890625,0,-5.4718475341796875,-0.8419110485949669
2023-02-24,404784.33837890625,0.0,404784.33837890625,0,-4.9013519287109375,-0.5738143002414314
2023-02-27,404784.33837890625,0.0,404784.33837890625,0,-4.4257659912109375,-0.375655436295552
2023-02-28,404784.33837890625,0.0,404784.33837890625,0,-4.706901550292969,-0.4693034214146345
2023-03-01,404784.33837890625,0.0,404784.33837890625,0,-2.34869384765625,0.3638719346076544
2023-03-02,404784.33837890625,0.0,404784.33837890625,0,-0.6784591674804688,0.8958086671838538
2023-03-03,404784.33837890625,0.0,404784.33837890625,0,-1.8083038330078125,0.4114888872595433
2023-03-06,404784.33837890625,0.0,404784.33837890625,0,0.8128662109375,1.4069573541007785
2023-03-07,404784.33837890625,0.0,404784.33837890625,0,-0.24956512451171875,1.017470647904295
2023-03-08,404784.33837890625,0.0,404784.33837890625,0,-0.23188018798828125,1.4793880679369706
2023-03-09,404784.33837890625,0.0,404784.33837890625,0,-0.48038482666015625,1.3028258604528293
2023-03-10,404784.33837890625,0.0,404784.33837890625,0,-0.6403045654296875,1.1096845942795388
2023-03-13,404784.33837890625,0.0,404784.33837890625,0,-1.8631515502929688,0.4819600923165325
2023-03-14,404784.33837890625,0.0,404784.33837890625,0,-1.4702072143554688,0.593714219559597
2023-03-15,404784.33837890625,0.0,404784.33837890625,0,-0.6629562377929688,0.9035002571427948
2023-03-16,404784.33837890625,0.0,404784.33837890625,0,-0.31806182861328125,0.9800934949242908
2023-03-17,404734.33837890625,-0.0,404734.33837890625,-1,2.0641860961914062,1.880176262557578
2023-03-20,404734.33837890625,-42119.598388671875,362614.7399902344,-1,2.9065780639648438,1.9226145671140369
2023-03-21,404734.33837890625,-81016.15905761719,323718.17932128906,-1,3.68450927734375,1.907788514543261
2023-03-22,404734.33837890625,-99478.1494140625,305256.18896484375,-1,4.053749084472656,1.7936125884963217
2023-03-23,404734.33837890625,-209813.69018554688,194920.64819335938,-1,6.260459899902344,2.2210459731150696
2023-03-24,404734.33837890625,-230861.66381835938,173872.67456054688,-1,6.681419372558594,2.047063352359053
2023-03-27,404734.33837890625,-87248.99291992188,317485.3454589844,-1,3.8091659545898438,1.0286063213630183
2023-03-28,404734.33837890625,-56175.994873046875,348558.3435058594,-1,3.1877059936523438,0.7499709484671595
2023-03-29,481115.9942626953,0.0,481115.9942626953,0,0.535552978515625,-0.2843778382144949
2023-03-30,481115.9942626953,0.0,481115.9942626953,0,-1.7114639282226562,-1.102175497949201
2023-03-31,481115.9942626953,0.0,481115.9942626953,0,-0.1783905029296875,-0.5737675172327129
2023-04-03,481115.9942626953,0.0,481115.9942626953,0,1.3278427124023438,-0.0028555632054771594
2023-04-04,481115.9942626953,0.0,481115.9942626953,0,0.1457061767578125,-0.4688472008987717
2023-04-05,481115.9942626953,0.0,481115.9942626953,0,2.7471923828125,0.48396867186000686
2023-04-06,481115.9942626953,0.0,481115.9942626953,0,5.713645935058594,1.4510822795637053
2023-04-10,481115.9942626953,0.0,481115.9942626953,0,3.6354522705078125,0.6063398786091285
2023-04-11,481115.9942626953,0.0,481115.9942626953,0,4.801948547363281,0.9557281725938435
2023-04-12,481115.9942626953,0.0,481115.9942626953,0,6.186180114746094,1.3642283786661793
2023-04-13,481115.9942626953,0.0,481115.9942626953,0,4.3895416259765625,0.5769451016173722
2023-04-14,481115.9942626953,0.0,481115.9942626953,0,5.710968017578125,1.024696964580459
2023-04-17,481115.9942626953,0.0,481115.9942626953,0,2.5982589721679688,-0.3098134182789871
2023-04-18,481115.9942626953,0.0,481115.9942626953,0,1.5770111083984375,-0.7078273641606058
2023-04-19,481115.9942626953,0.0,481115.9942626953,0,-0.7410812377929688,-1.4909933640143944
2023-04-20,481115.9942626953,0.0,481115.9942626953,0,0.8523178100585938,-0.7885615537582533
2023-04-21,481065.9942626953,0.0,481065.9942626953,1,-2.1783981323242188,-1.733384954280358
2023-04-24,481065.9942626953,65332.794189453125,546398.7884521484,1,-0.8717422485351562,-1.1446715709671322
2023-04-25,481065.9942626953,141964.34020996094,623030.3344726562,1,0.660888671875,-0.4915005156243428
2023-04-26,481065.9942626953,14505.767822265625,495571.76208496094,1,-1.8882827758789062,-1.3274613522641923
2023-04-27,481065.9942626953,-34650.80261230469,446415.1916503906,1,-2.8714141845703125,-1.5292865753781757
2023-04-28,652440.478515625,0.0,652440.478515625,0,1.250091552734375,-0.14273687810265037
2023-05-01,652440.478515625,0.0,652440.478515625,0,4.510917663574219,0.9432491386590853
2023-05-02,652440.478515625,0.0,652440.478515625,0,1.0621261596679688,-0.2871118028228162
2023-05-03,652440.478515625,0.0,652440.478515625,0,1.1315994262695312,-0.28224644702500934
2023-05-04,652440.478515625,0.0,652440.478515625,0,0.06587982177734375,-0.6134526443243185
2023-05-05,652440.478515625,0.0,652440.478515625,0,-0.7193679809570312,-0.8108846649821607
2023-05-08,652440.478515625,0.0,652440.478515625,0,1.2975082397460938,-0.016592948267484673
2023-05-09,652440.478515625,0.0,652440.478515625,0,0.09001922607421875,-0.40328816468726847
2023-05-10,652440.478515625,0.0,652440.478515625,0,0.893798828125,0.023807591462195018
2023-05-11,652440.478515625,0.0,652440.478515625,0,3.6950531005859375,1.3357412986481652
2023-05-12,652390.478515625,-0.0,652390.478515625,-1,6.5494537353515625,2.5134505576591604
2023-05-15,652390.478515625,96701.43127441406,749091.9097900391,-1,4.615425109863281,1.5329511166931455
2023-05-16,652390.478515625,57595.8251953125,709986.3037109375,-1,5.3975372314453125,1.6444784406466575
2023-05-17,652390.478515625,96492.38586425781,748882.8643798828,-1,4.619606018066406,1.2071246154500443
2023-05-18,652390.478515625,130085.75439453125,782476.2329101562,-1,3.9477386474609375,0.8781135380608704
2023-05-19,652390.478515625,38564.68200683594,690955.1605224609,-1,5.778160095214844,1.4025825332254411
2023-05-22,652390.478515625,-137252.42614746094,515138.05236816406,-1,9.294502258300781,2.2093379373470943
2023-05-23,652390.478515625,-14495.086669921875,637895.3918457031,-1,6.83935546875,1.266900941689642
2023-05-24,808350.9155273438,0.0,808350.9155273438,0,3.4292449951171875,0.12790268812486588
2023-05-25,808350.9155273438,0.0,808350.9155273438,0,7.743858337402344,1.4646259919802735
2023-05-26,808350.9155273438,0.0,808350.9155273438,0,3.7571258544921875,0.020457204827760957
2023-05-30,808350.9155273438,0.0,808350.9155273438,0,1.2727279663085938,-0.7983312344836613
2023-05-31,808350.9155273438,0.0,808350.9155273438,0,1.5575027465820312,-0.7118859990083088
2023-06-01,808350.9155273438,0.0,808350.9155273438,0,0.212432861328125,-1.1530784525424127
2023-06-02,808350.9155273438,0.0,808350.9155273438,0,-0.32323455810546875,-1.3212835052084644
2023-06-05,808350.9155273438,0.0,808350.9155273438,0,-0.041229248046875,-1.2565508588210872
2023-06-06,808350.9155273438,0.0,808350.9155273438,0,-0.0589752197265625,-1.20859554694417
2023-06-07,808350.9155273438,0.0,808350.9155273438,0,0.539703369140625,-1.0199173779256023
2023-06-08,808300.9155273438,0.0,808300.9155273438,1,-2.8381423950195312,-1.9351057051418203
2023-06-09,808300.9155273438,45472.71728515625,853773.6328125,1,-1.9286880493164062,-1.464716048221189
2023-06-12,808300.9155273438,-41447.83020019531,766853.0853271484,1,-3.6670989990234375,-1.723937427385348
2023-06-13,808300.9155273438,-36503.98254394531,771796.9329833984,1,-3.5682220458984375,-1.4952787735471795
2023-06-14,808300.9155273438,-32456.207275390625,775844.7082519531,1,-3.4872665405273438,-1.3177462045041874
2023-06-15,808300.9155273438,3620.147705078125,811921.0632324219,1,-2.7657394409179688,-1.024077893942041
2023-06-16,808300.9155273438,7085.8001708984375,815386.7156982422,1,-2.6964263916015625,-0.9125599166429298
2023-06-20,808300.9155273438,-28786.849975585938,779514.0655517578,1,-3.41387939453125,-0.9909200112285624
2023-06-21,808300.9155273438,-108026.123046875,700274.7924804688,1,-4.998664855957031,-1.350240647829757
2023-06-22,808300.9155273438,-244800.9490966797,563499.9664306641,1,-7.734161376953125,-1.934002770677281
2023-06-23,808300.9155273438,-244060.1348876953,564240.7806396484,1,-7.7193450927734375,-1.6982319951073974
2023-06-26,808300.9155273438,-342868.0419921875,465432.87353515625,1,-9.695503234863281,-2.147856378360006
2023-06-27,372387.0391845703,0.0,372387.0391845703,0,-11.555419921875,-2.294611291067633
2023-06-28,372337.0391845703,0.0,372337.0391845703,1,-9.576461791992188,-1.5586833266326943
2023-06-29,372337.0391845703,3321.83837890625,375658.87756347656,1,-9.510025024414062,-1.3939580331659611
2023-06-30,372337.0391845703,-89857.10144042969,282479.9377441406,1,-11.373603820800781,-1.6609255029961023
2023-07-03,372337.0391845703,-72916.79382324219,299420.2453613281,1,-11.034797668457031,-1.409469757706478
2023-07-05,372337.0391845703,11031.723022460938,383368.76220703125,1,-9.355827331542969,-0.901727845412274
2023-07-06,372337.0391845703,30520.6298828125,402857.6690673828,1,-8.966049194335938,-0.7232849980249613
2023-07-07,372337.0391845703,-71791.07666015625,300545.96252441406,1,-11.012283325195312,-1.1874207036519666
2023-07-10,372337.0391845703,-89888.38195800781,282448.6572265625,1,-11.374229431152344,-1.1669035325534118
2023-07-11,372337.0391845703,-138094.32983398438,234242.70935058594,1,-12.338348388671875,-1.316547038898097
2023-07-12,372337.0391845703,-150128.173828125,222208.8653564453,1,-12.579025268554688,-1.2518916263086364
2023-07-13,372337.0391845703,-46299.74365234375,326037.29553222656,1,-10.502456665039062,-0.5777376243521257
2023-07-14,372337.0391845703,-21561.813354492188,350775.2258300781,1,-10.007698059082031,-0.35323008916740006
2023-07-17,368454.79431152344,0.0,368454.79431152344,0,-9.653106689453125,-0.14478753218494114
2023-07-18,368454.79431152344,0.0,368454.79431152344,0,-9.807815551757812,-0.08668616438864106
2023-07-19,368404.79431152344,0.0,368404.79431152344,1,-14.0574951171875,-1.9807646430661787
2023-07-20,368404.79431152344,129343.79577636719,497748.5900878906,1,-11.470619201660156,-0.6357126591848213
2023-07-21,536453.6254882812,0.0,536453.6254882812,0,-10.695518493652344,-0.056285275550948484
2023-07-24,536403.6254882812,-0.0,536403.6254882812,-1,-7.994514465332031,1.8607544519486792
2023-07-25,536403.6254882812,-17296.981811523438,519106.6436767578,-1,-7.6485748291015625,1.851970950273969
2023-07-26,119160.40344238281,0.0,119160.40344238281,0,0.3493499755859375,3.5878313874937926
2023-07-27,119110.40344238281,-0.0,119110.40344238281,-1,0.3785552978515625,2.666796515652386
2023-07-28,119110.40344238281,39947.509765625,159057.9132080078,-1,-0.4203948974609375,2.0403300327652203
2023-07-31,119110.40344238281,106488.037109375,225598.4405517578,-1,-1.7512054443359375,1.5161911482908188
2023-08-01,119110.40344238281,65139.7705078125,184250.1739501953,-1,-0.9242401123046875,1.4997519357775793
2023-08-02,119110.40344238281,48695.37353515625,167805.77697753906,-1,-0.5953521728515625,1.397652777171091
2023-08-03,119110.40344238281,80216.59851074219,199327.001953125,-1,-1.2257766723632812,1.1512132011405438
2023-08-04,119110.40344238281,630115.1275634766,749225.5310058594,-1,-12.223747253417969,-0.9581689538944514
2023-08-07,119110.40344238281,592633.8195800781,711744.2230224609,-1,-11.47412109375,-0.8128019068144496
2023-08-08,119110.40344238281,485095.9777832031,604206.3812255859,-1,-9.3233642578125,-0.43908685893586846
2023-08-09,119110.40344238281,467076.8737792969,586187.2772216797,-1,-8.962982177734375,-0.4155459767913787
2023-08-10,119110.40344238281,501084.89990234375,620195.3033447266,-1,-9.643142700195312,-0.5645644647659549
2023-08-11,119110.40344238281,500048.0651855469,619158.4686279297,-1,-9.622406005859375,-0.5656659188327618
2023-08-14,119110.40344238281,520074.462890625,639184.8663330078,-1,-10.022933959960938,-0.6417473576566083
2023-08-15,119110.40344238281,452111.81640625,571222.2198486328,-1,-8.663681030273438,-0.38010361898502953
2023-08-16,494851.57165527344,0.0,494851.57165527344,0,-7.13726806640625,-0.1486316374017561
2023-08-17,494851.57165527344,0.0,494851.57165527344,0,-4.8345184326171875,0.2888908372177754
2023-08-18,494851.57165527344,0.0,494851.57165527344,0,-6.519866943359375,-0.14027259153205163
2023-08-21,494851.57165527344,0.0,494851.57165527344,0,-7.075294494628906,-0.28047608527418644
2023-08-22,494851.57165527344,0.0,494851.57165527344,0,-5.9395294189453125,-0.036835404436727996
2023-08-23,494851.57165527344,0.0,494851.57165527344,0,-3.9391326904296875,0.5058350439809041
2023-08-24,494851.57165527344,0.0,494851.57165527344,0,-2.83367919921875,0.8609884621434614
2023-08-25,494851.57165527344,0.0,494851.57165527344,0,-4.1542816162109375,0.5993903043423634
2023-08-28,494851.57165527344,0.0,494851.57165527344,0,-2.911041259765625,0.9738672114987295
2023-08-29,494851.57165527344,0.0,494851.57165527344,0,-1.1422576904296875,1.4775498898606723
2023-08-30,494801.57165527344,-0.0,494801.57165527344,-1,-7.62939453125e-05,1.7631501079406324
2023-08-31,494801.57165527344,132585.14404296875,627386.7156982422,-1,-2.6517791748046875,1.0783369569867665
2023-09-01,494801.57165527344,163433.07495117188,658234.6466064453,-1,-3.26873779296875,0.825252020414097
2023-09-05,494801.57165527344,115466.30859375,610267.8802490234,-1,-2.3094024658203125,1.0278609117471351
2023-09-06,494801.57165527344,85076.14135742188,579877.7130126953,-1,-1.70159912109375,1.1067868333597657
2023-09-07,494801.57165527344,169815.0634765625,664616.6351318359,-1,-3.3963775634765625,0.4938649449479087
2023-09-08,494801.57165527344,133147.43041992188,627949.0020751953,-1,-2.66302490234375,0.6605348118489085
2023-09-11,494801.57165527344,349809.26513671875,844610.8367919922,-1,-6.9962615966796875,-0.9776471040069374
2023-09-12,494801.57165527344,334838.8671875,829640.4388427734,-1,-6.6968536376953125,-1.0378463632919963
2023-09-13,494801.57165527344,447747.0397949219,942548.6114501953,-1,-8.95501708984375,-1.961911826417724
2023-09-14,494801.57165527344,372161.1022949219,866962.6739501953,-1,-7.44329833984375,-1.3132038343817443
2023-09-15,685204.1473388672,0.0,685204.1473388672,0,-3.8091278076171875,0.17037385722578133
2023-09-18,685204.1473388672,0.0,685204.1473388672,0,-2.59393310546875,0.6018868047960167
2023-09-19,685204.1473388672,0.0,685204.1473388672,0,-0.4129486083984375,1.3699864829122326
2023-09-20,685204.1473388672,0.0,685204.1473388672,0,-2.3472747802734375,0.4954458211354775
2023-09-21,685204.1473388672,0.0,685204.1473388672,0,0.3323822021484375,1.4532203000101793
2023-09-22,685204.1473388672,0.0,685204.1473388672,0,0.3535003662109375,1.3289971416905768
2023-09-25,685204.1473388672,0.0,685204.1473388672,0,-0.9416351318359375,0.7654315163399369
2023-09-26,685154.1473388672,-0.0,685154.1473388672,-1,1.8235244750976562,1.5910938037621423
2023-09-27,685154.1473388672,-97912.59765625,587241.5496826172,-1,3.7817764282226562,1.9584705083217344
2023-09-28,685154.1473388672,-185884.09423828125,499270.05310058594,-1,5.541206359863281,2.13062725612591
2023-09-29,685154.1473388672,-56816.864013671875,628337.2833251953,-1,2.9598617553710938,1.2825063978687414
2023-10-02,685154.1473388672,-104330.06286621094,580824.0844726562,-1,3.910125732421875,1.365692447819941
2023-10-03,685154.1473388672,-254848.86169433594,430305.28564453125,-1,6.920501708984375,1.8108416467889406
2023-10-04,685154.1473388672,-280511.85607910156,404642.2912597656,-1,7.4337615966796875,1.676410018151865
2023-10-05,685154.1473388672,-324062.3474121094,361091.7999267578,-1,8.304771423339844,1.6191265691065893
2023-10-06,685154.1473388672,-348814.39208984375,336339.75524902344,-1,8.799812316894531,1.50982553285748
2023-10-09,685154.1473388672,-375563.4307861328,309590.7165527344,-1,9.334793090820312,1.4478399022566517
2023-10-10,685154.1473388672,-296670.91369628906,388483.2336425781,-1,7.7569427490234375,1.0631779613050645
2023-10-11,685154.1473388672,-302930.06896972656,382224.0783691406,-1,7.8821258544921875,1.029107828806725
2023-10-12,685154.1473388672,-199399.9481201172,485754.19921875,-1,5.8115234375,0.5347045670017521
2023-10-13,685154.1473388672,-246380.23376464844,438773.91357421875,-1,6.751129150390625,0.6827854764647563
2023-10-16,685154.1473388672,-194860.45837402344,490293.68896484375,-1,5.720733642578125,0.3419433030996526
2023-10-17,685154.1473388672,-279676.4373779297,405477.7099609375,-1,7.41705322265625,0.7310190532428029
2023-10-18,685154.1473388672,-359200.66833496094,325953.47900390625,-1,9.007537841796875,1.133277253973503
2023-10-19,685154.1473388672,-335263.44299316406,349890.7043457031,-1,8.528793334960938,0.8998610868457119
2023-10-20,685154.1473388672,-389904.40368652344,295249.74365234375,-1,9.621612548828125,1.186022436320397
2023-10-23,685154.1473388672,-365136.33728027344,320017.81005859375,-1,9.126251220703125,1.0173324130896253
2023-10-24,685154.1473388672,-379948.0438232422,305206.103515625,-1,9.4224853515625,1.1075481537600267
2023-10-25,685154.1473388672,-82381.82067871094,602772.3266601562,-1,3.471160888671875,-1.8263640950461653
2023-10-26,685154.1473388672,-7875.06103515625,677279.0863037109,-1,1.9810256958007812,-2.1657939028683937
2023-10-27,685154.1473388672,406092.83447265625,1091246.9818115234,-1,-6.298332214355469,-3.480320421663952
2023-10-30,685154.1473388672,540775.2990722656,1225929.4464111328,-1,-8.991981506347656,-2.9478861465187967
2023-10-31,685154.1473388672,578661.7279052734,1263815.8752441406,-1,-9.749710083007812,-2.4154771647946633
2023-11-01,685154.1473388672,656368.2556152344,1341522.4029541016,-1,-11.303840637207031,-2.171572204801253
2023-11-02,685154.1473388672,658178.7109375,1343332.8582763672,-1,-11.340049743652344,-1.8523102272805818
2023-11-03,685154.1473388672,604658.1268310547,1289812.2741699219,-1,-10.269638061523438,-1.5113342700803614
2023-11-06,685154.1473388672,604501.7242431641,1289655.8715820312,-1,-10.266510009765625,-1.3484369996608123
2023-11-07,685154.1473388672,717216.1102294922,1402370.2575683594,-1,-12.520797729492188,-1.4304866333732407
2023-11-08,685154.1473388672,642475.5096435547,1327629.6569824219,-1,-11.025985717773438,-1.137627521789304
2023-11-09,685154.1473388672,647997.6654052734,1333151.8127441406,-1,-11.136428833007812,-1.039261962719863
2023-11-10,685154.1473388672,679198.8372802734,1364352.9846191406,-1,-11.760452270507812,-1.0012422317605383
2023-11-13,685154.1473388672,655549.2401123047,1340703.3874511719,-1,-11.287460327148438,-0.8593190660170649
2023-11-14,685154.1473388672,740005.8746337891,1425160.0219726562,-1,-12.976593017578125,-0.9451865806822559
2023-11-15,685154.1473388672,560303.8787841797,1245458.0261230469,-1,-9.382553100585938,-0.4751526017680208
2023-11-16,1112097.3266601562,0.0,1112097.3266601562,0,-6.716339111328125,-0.08143545272771802
2023-11-17,1112097.3266601562,0.0,1112097.3266601562,0,-10.676651000976562,-0.507788099905498
2023-11-20,1112097.3266601562,0.0,1112097.3266601562,0,-10.6922607421875,-0.43697765722046367
2023-11-21,1112097.3266601562,0.0,1112097.3266601562,0,-7.7465667724609375,0.2728228187491963
2023-11-22,1112097.3266601562,0.0,1112097.3266601562,0,-9.045623779296875,0.15924192735915643
2023-11-24,1112097.3266601562,0.0,1112097.3266601562,0,-10.864883422851562,-0.3766054628155582
2023-11-27,1112097.3266601562,0.0,1112097.3266601562,0,-12.133209228515625,-1.0586330072537304
2023-11-28,1112097.3266601562,0.0,1112097.3266601562,0,-10.647918701171875,-0.04693728410184948
2023-11-29,1112097.3266601562,0.0,1112097.3266601562,0,-12.134750366210938,-0.9385771500904685
2023-11-30,1112047.3266601562,0.0,1112047.3266601562,1,-14.350082397460938,-2.0190937845436605
2023-12-01,1031696.4233398438,0.0,1031696.4233398438,0,-15.956100463867188,-2.3486059795244807
2023-12-04,1031646.4233398438,0.0,1031646.4233398438,1,-16.340652465820312,-2.08814397244336
2023-12-05,1031646.4233398438,-16513.0615234375,1015133.3618164062,1,-16.670913696289062,-1.886402779885546
2023-12-06,1031646.4233398438,53276.824951171875,1084923.2482910156,1,-15.275115966796875,-1.2497117806628106
2023-12-07,1031646.4233398438,278715.51513671875,1310361.9384765625,1,-10.766342163085938,0.3857136273652282
2023-12-08,1031646.4233398438,155295.56274414062,1186941.9860839844,1,-13.2347412109375,-0.4708441189068056
2023-12-11,1031646.4233398438,147301.48315429688,1178947.9064941406,1,-13.394622802734375,-0.4957623786820541
2023-12-12,1031646.4233398438,29531.097412109375,1061177.5207519531,1,-15.750030517578125,-1.2116921561010876
2023-12-13,1031646.4233398438,-35982.513427734375,995663.9099121094,1,-17.060302734375,-1.4941869216223214
2023-12-14,1031646.4233398438,3704.071044921875,1035350.4943847656,1,-16.266571044921875,-1.1171439085671082
2023-12-15,1031646.4233398438,-90992.73681640625,940653.6865234375,1,-18.160507202148438,-1.6058574572345334
2023-12-18,1031646.4233398438,-136946.86889648438,894699.5544433594,1,-19.07958984375,-1.667957767521603
2023-12-19,1031646.4233398438,-80699.92065429688,950946.5026855469,1,-17.95465087890625,-1.1835811940160172
2023-12-20,1118392.2302246094,0.0,1118392.2302246094,0,-14.604736328125,-0.04218782509524299
2023-12-21,1118392.2302246094,0.0,1118392.2302246094,0,-14.257110595703125,0.1916006518253046
2023-12-22,1118392.2302246094,0.0,1118392.2302246094,0,-12.773513793945312,0.8516867538069592
2023-12-26,1118392.2302246094,0.0,1118392.2302246094,0,-12.733688354492188,0.8921368714513467
2023-12-27,1118392.2302246094,0.0,1118392.2302246094,0,-13.806838989257812,0.5557714381478
2023-12-28,1118392.2302246094,0.0,1118392.2302246094,0,-13.986007690429688,0.5387188034939242
2023-12-29,1118392.2302246094,0.0,1118392.2302246094,0,-13.082778930664062,0.9185625108293285
2024-01-02,1118392.2302246094,0.0,1118392.2302246094,0,-12.583709716796875,1.0444148052499669
2024-01-03,1118342.2302246094,-0.0,1118342.2302246094,-1,-10.378173828125,1.758548188909339
2024-01-04,1118342.2302246094,-69253.5400390625,1049088.6901855469,-1,-8.99310302734375,1.9699353935456634
2024-01-05,1118342.2302246094,-2950.286865234375,1115391.943359375,-1,-10.319168090820312,1.3138302618756579
2024-01-08,1118342.2302246094,35476.6845703125,1153818.9147949219,-1,-11.08770751953125,1.0492949481999139
2024-01-09,1118342.2302246094,44104.766845703125,1162446.9970703125,-1,-11.260269165039062,0.9295499419355785
2024-01-10,1118342.2302246094,96002.197265625,1214344.4274902344,-1,-12.2982177734375,0.5373995754988699
2024-01-11,1296733.8500976562,0.0,1296733.8500976562,0,-13.947006225585938,-0.07692708825755167
2024-01-12,1296733.8500976562,0.0,1296733.8500976562,0,-12.820419311523438,0.25973785230961005
2024-01-16,1296733.8500976562,0.0,1296733.8500976562,0,-11.519454956054688,0.6662029075996067
2024-01-17,1296733.8500976562,0.0,1296733.8500976562,0,-11.0833740234375,0.7614002611910222
2024-01-18,1296733.8500976562,0.0,1296733.8500976562,0,-10.875396728515625,0.8291687595930095
2024-01-19,1296733.8500976562,0.0,1296733.8500976562,0,-9.832656860351562,1.420193541529443
2024-01-22,1296733.8500976562,0.0,1296733.8500976562,0,-9.66033935546875,1.3939503743705637
2024-01-23,1296733.8500976562,0.0,1296733.8500976562,0,-9.856597900390625,1.1637395700846196
2024-01-24,1296733.8500976562,0.0,1296733.8500976562,0,-9.056472778320312,1.4869711834887307
2024-01-25,1296683.8500976562,-0.0,1296683.8500976562,-1,-6.785400390625,2.312367104385214
2024-01-26,1296683.8500976562,52593.994140625,1349277.8442382812,-1,-7.8372802734375,1.572805138741533
2024-01-29,1296683.8500976562,93988.037109375,1390671.8872070312,-1,-8.6651611328125,1.0527501973288684
2024-01-30,1296683.8500976562,82877.34985351562,1379561.1999511719,-1,-8.442947387695312,1.0694974799867496
2024-01-31,1296683.8500976562,457490.53955078125,1754174.3896484375,-1,-15.935211181640625,-2.5259195662515856
2024-02-01,1296683.8500976562,608806.6101074219,1905490.4602050781,-1,-18.961532592773438,-2.8075623090599957
2024-02-02,1296683.8500976562,1174669.6472167969,2471353.497314453,-1,-30.278793334960938,-3.5550112003046443
2024-02-05,1296683.8500976562,1035057.8308105469,2331741.680908203,-1,-27.486557006835938,-2.368365547819014
2024-02-06,1296683.8500976562,956182.0983886719,2252865.948486328,-1,-25.909042358398438,-1.8073074192170708
2024-02-07,1296683.8500976562,953613.28125,2250297.1313476562,-1,-25.857666015625,-1.576787272176182
2024-02-08,1296683.8500976562,900722.5036621094,2197406.3537597656,-1,-24.799850463867188,-1.2857950969309901
2024-02-09,1296683.8500976562,977643.5852050781,2274327.4353027344,-1,-26.338272094726562,-1.3355146748199687
2024-02-12,1296683.8500976562,945206.4514160156,2241890.301513672,-1,-25.689529418945312,-1.13580863220125
2024-02-13,1296683.8500976562,878993.2250976562,2175677.0751953125,-1,-24.365264892578125,-0.8874724402809306
2024-02-14,1296683.8500976562,956232.4523925781,2252916.3024902344,-1,-25.910049438476562,-0.9696828280316167
2024-02-15,1296683.8500976562,1054786.6821289062,2351470.5322265625,-1,-27.881134033203125,-1.0834150042570359
2024-02-16,1296683.8500976562,1152115.6311035156,2448799.481201172,-1,-29.827713012695312,-1.1785435279182646
2024-02-20,1296683.8500976562,1000794.9829101562,2297478.8330078125,-1,-26.801300048828125,-0.7512222471646887
2024-02-21,1296683.8500976562,1005220.7946777344,2301904.6447753906,-1,-26.889816284179688,-0.682575532637731
2024-02-22,1296683.8500976562,1228180.6945800781,2524864.5446777344,-1,-31.349014282226562,-1.111982034072638
2024-02-23,1296683.8500976562,1255141.4489746094,2551825.2990722656,-1,-31.888229370117188,-1.1063446881803718
2024-02-26,1296683.8500976562,1559735.8703613281,2856419.7204589844,-1,-37.98011779785156,-1.7864885367006398
2024-02-27,1296683.8500976562,1435125.732421875,2731809.5825195312,-1,-35.4879150390625,-1.40242178294949
2024-02-28,1296683.8500976562,1540381.6223144531,2837065.4724121094,-1,-37.59303283691406,-1.7969154394630709
2024-02-29,1296683.8500976562,1617002.1057128906,2913685.955810547,-1,-39.12544250488281,-1.9407919841343984
2024-03-01,1296683.8500976562,1755608.3679199219,3052292.218017578,-1,-41.89756774902344,-2.173582180388429
2024-03-04,1296683.8500976562,1911978.9123535156,3208662.762451172,-1,-45.02497863769531,-2.2278975299965924
2024-03-05,1296683.8500976562,1772776.0314941406,3069459.881591797,-1,-42.24092102050781,-1.5669973308497998
2024-03-06,1296683.8500976562,1805397.7966308594,3102081.6467285156,-1,-42.89335632324219,-1.4722234617529648
2024-03-07,1296683.8500976562,1822786.7126464844,3119470.5627441406,-1,-43.24113464355469,-1.3585968434430153
2024-03-08,1296683.8500976562,1698092.6513671875,2994776.5014648438,-1,-40.74725341796875,-0.9205385893213494
2024-03-11,2712900.4821777344,0.0,2712900.4821777344,0,-35.11073303222656,-0.07423100861616466
2024-03-12,2712900.4821777344,0.0,2712900.4821777344,0,-37.71568298339844,-0.3802981969076345
2024-03-13,2712900.4821777344,0.0,2712900.4821777344,0,-37.60337829589844,-0.28471191421496184
2024-03-14,2712900.4821777344,0.0,2712900.4821777344,0,-36.50309753417969,-0.019979617960283982
2024-03-15,2712900.4821777344,0.0,2712900.4821777344,0,-34.0816650390625,0.49168991916960386
2024-03-18,2712850.4821777344,-0.0,2712850.4821777344,-1,-27.680419921875,1.6232719598042804
2024-03-19,2712850.4821777344,103305.0537109375,2816155.535888672,-1,-29.74652099609375,1.3325872938382544
2024-03-20,2712850.4821777344,130814.36157226562,2843664.84375,-1,-30.296707153320312,1.3337130036441158
2024-03-21,2712850.4821777344,187474.82299804688,2900325.3051757812,-1,-31.429916381835938,1.1070643161711347
2024-03-22,2712850.4821777344,65919.49462890625,2778769.9768066406,-1,-28.998809814453125,1.5099077032480372
2024-03-25,2712850.4821777344,142711.63940429688,2855562.1215820312,-1,-30.534652709960938,1.1018751071597637
2024-03-26,2712850.4821777344,42391.204833984375,2755241.6870117188,-1,-28.528244018554688,1.3422424400540867
2024-03-27,2712850.4821777344,108950.8056640625,2821801.287841797,-1,-29.85943603515625,1.0082142170470823
2024-03-28,2712850.4821777344,133468.6279296875,2846319.110107422,-1,-30.34979248046875,0.8385886913025813
2024-04-01,2712850.4821777344,-63671.875,2649178.6071777344,-1,-26.406982421875,1.3613466564576722
2024-04-02,2712850.4821777344,-31449.89013671875,2681400.5920410156,-1,-27.051422119140625,1.1664613646636401
2024-04-03,2712850.4821777344,36657.71484375,2749508.1970214844,-1,-28.41357421875,0.840838775514646
2024-04-04,2712850.4821777344,134349.06005859375,2847199.542236328,-1,-30.367401123046875,0.3927242659794738
2024-04-05,2712850.4821777344,289936.82861328125,3002787.3107910156,-1,-33.479156494140625,-0.43309904793142934
2024-04-08,2891937.139892578,0.0,2891937.139892578,0,-31.263153076171875,0.0023210450597129944
2024-04-09,2891937.139892578,0.0,2891937.139892578,0,-30.003585815429688,0.3082779568284492
2024-04-10,2891937.139892578,0.0,2891937.139892578,0,-30.740829467773438,-0.025661066335700387
2024-04-11,2891937.139892578,0.0,2891937.139892578,0,-30.59033203125,-0.11549362642390296
2024-04-12,2891937.139892578,0.0,2891937.139892578,0,-29.340316772460938,0.32879563602374756
2024-04-15,2891937.139892578,0.0,2891937.139892578,0,-29.683197021484375,0.03419747940349397
2024-04-16,2891937.139892578,0.0,2891937.139892578,0,-29.840484619140625,0.003741556325802057
2024-04-17,2891887.139892578,-0.0,2891887.139892578,-1,-26.736831665039062,1.7561163251902983
2024-04-18,2761998.5778808594,0.0,2761998.5778808594,0,-24.140060424804688,2.517687260370832
2024-04-19,2761948.5778808594,-0.0,2761948.5778808594,-1,-21.458633422851562,2.7745261992062287
2024-04-22,2761948.5778808594,21152.496337890625,2783101.07421875,-1,-21.881683349609375,2.1442520571587407
2024-04-23,2761948.5778808594,38243.10302734375,2800191.680908203,-1,-22.223495483398438,1.7514435802221466
2024-04-24,2609399.951171875,0.0,2609399.951171875,0,-18.408660888671875,2.3001306056412307
2024-04-25,2609349.951171875,-0.0,2609349.951171875,-1,-18.600006103515625,1.904321237772829
2024-04-26,2114053.826904297,0.0,2114053.826904297,0,-8.695083618164062,2.8943707040421702
2024-04-29,2114003.826904297,-0.0,2114003.826904297,-1,-15.800537109375,1.509593782043054
2024-04-30,2114003.826904297,-130505.37109375,1983498.4558105469,-1,-13.1904296875,1.6676431251652748
2024-05-01,2114003.826904297,15816.497802734375,2129820.3247070312,-1,-16.116867065429688,1.124015302175427
2024-05-02,2114003.826904297,164640.04516601562,2278643.8720703125,-1,-19.093338012695312,0.6338886607101202
2024-05-03,2114003.826904297,208323.66943359375,2322327.4963378906,-1,-19.967010498046875,0.43663405763600555
2024-05-06,2404033.3251953125,0.0,2404033.3251953125,0,-21.602127075195312,0.12560667421403182
2024-05-07,2404033.3251953125,0.0,2404033.3251953125,0,-18.530929565429688,0.5331910896380908
2024-05-08,2404033.3251953125,0.0,2404033.3251953125,0,-19.6297607421875,0.28206078348015756
2024-05-09,2404033.3251953125,0.0,2404033.3251953125,0,-20.55322265625,0.0409169891507798
2024-05-10,2404033.3251953125,0.0,2404033.3251953125,0,-19.835433959960938,0.0923700838152785
2024-05-13,2404033.3251953125,0.0,2404033.3251953125,0,-18.438339233398438,0.2872550454796095
2024-05-14,2404033.3251953125,0.0,2404033.3251953125,0,-17.745513916015625,0.3593548716748545
2024-05-15,2404033.3251953125,0.0,2404033.3251953125,0,-14.508438110351562,1.131167883168305
2024-05-16,2403983.3251953125,-0.0,2403983.3251953125,-1,-10.4884033203125,1.9766410021094878
2024-05-17,2403983.3251953125,-39940.643310546875,2364042.6818847656,-1,-9.689590454101562,1.8744959403004948
2024-05-20,2403983.3251953125,-140684.50927734375,2263298.8159179688,-1,-7.674713134765625,2.0109810321625297
2024-05-21,2403983.3251953125,-206407.92846679688,2197575.3967285156,-1,-6.3602447509765625,1.97774401443881
2024-05-22,2403983.3251953125,-134345.24536132812,2269638.0798339844,-1,-7.8014984130859375,1.477701376018257
2024-05-23,2403983.3251953125,-97689.05639648438,2306294.268798828,-1,-8.534622192382812,1.1966168531944426
2024-05-24,2403983.3251953125,-184259.79614257812,2219723.5290527344,-1,-6.8032073974609375,1.4759915776094377
2024-05-28,2403983.3251953125,-184339.14184570312,2219644.1833496094,-1,-6.8016204833984375,1.3238697833595807
2024-05-29,2403983.3251953125,-165987.39624023438,2237995.928955078,-1,-7.1686553955078125,1.1591231148078354
2024-05-30,2403983.3251953125,-112618.25561523438,2291365.069580078,-1,-8.236038208007812,0.889877477246163
2024-05-31,2403983.3251953125,-276000.9765625,2127982.3486328125,-1,-4.9683837890625,1.295174537507284
2024-06-03,2403983.3251953125,-214302.06298828125,2189681.2622070312,-1,-6.202362060546875,0.989104178339251
2024-06-04,2403983.3251953125,-195117.1875,2208866.1376953125,-1,-6.5860595703125,0.844640588158306
2024-06-05,2403983.3251953125,-178633.88061523438,2225349.444580078,-1,-6.9157257080078125,0.7059441371321594
2024-06-06,2345693.5791015625,0.0,2345693.5791015625,0,-9.3236083984375,0.1811650143600825
2024-06-07,2345693.5791015625,0.0,2345693.5791015625,0,-10.880050659179688,-0.25766300469939063
2024-06-10,2345693.5791015625,0.0,2345693.5791015625,0,-12.8936767578125,-0.9224004492488125
2024-06-11,2345693.5791015625,0.0,2345693.5791015625,0,-11.461441040039062,-0.7568135947386287
2024-06-12,2345693.5791015625,0.0,2345693.5791015625,0,-9.95709228515625,-0.5266516591233951
2024-06-13,2345693.5791015625,0.0,2345693.5791015625,0,-9.514404296875,-0.5365013052118682
2024-06-14,2345693.5791015625,0.0,2345693.5791015625,0,-7.7222900390625,0.276502781273729
2024-06-17,2345693.5791015625,0.0,2345693.5791015625,0,-7.6744232177734375,0.253127879521174
2024-06-18,2345693.5791015625,0.0,2345693.5791015625,0,-8.564056396484375,-0.17526164023790944
2024-06-20,2345693.5791015625,0.0,2345693.5791015625,0,-10.64990234375,-1.1127882738319683
2024-06-21,2345693.5791015625,0.0,2345693.5791015625,0,-10.315933227539062,-0.8659452413632162
2024-06-24,2345693.5791015625,0.0,2345693.5791015625,0,-7.2139739990234375,0.6232917547269207
2024-06-25,2345643.5791015625,-0.0,2345643.5791015625,-1,-3.1971588134765625,2.181114304781492
2024-06-26,2345643.5791015625,370963.2873535156,2716606.866455078,-1,-10.616424560546875,-0.8913775462743976
2024-06-27,2345643.5791015625,506832.8857421875,2852476.46484375,-1,-13.333816528320312,-1.7530165233865176
2024-06-28,2345643.5791015625,439047.2412109375,2784690.8203125,-1,-11.978103637695312,-1.1159666307812175
2024-07-01,2345643.5791015625,594748.6877441406,2940392.266845703,-1,-15.092132568359375,-1.9805758748717845
2024-07-02,2345643.5791015625,622792.0532226562,2968435.6323242188,-1,-15.652999877929688,-1.877450940763914
2024-07-03,2345643.5791015625,473431.396484375,2819074.9755859375,-1,-12.665786743164062,-0.8030652013200725
2024-07-05,2701676.495361328,0.0,2701676.495361328,0,-10.318817138671875,0.04629223206016125
2024-07-08,2701676.495361328,0.0,2701676.495361328,0,-11.1712646484375,-0.21993461442828294
2024-07-09,2701676.495361328,0.0,2701676.495361328,0,-11.271011352539062,-0.24771365509688165
2024-07-10,2701676.495361328,0.0,2701676.495361328,0,-9.531631469726562,0.3071382734049851
2024-07-11,2701676.495361328,0.0,2701676.495361328,0,-10.374588012695312,-0.012069532447442658
2024-07-12,2701676.495361328,0.0,2701676.495361328,0,-10.312164306640625,0.01657137331847686
2024-07-15,2701676.495361328,0.0,2701676.495361328,0,-7.0892181396484375,1.0899023685121856
2024-07-16,2701676.495361328,0.0,2701676.495361328,0,-9.98663330078125,0.12864923178472137
2024-07-17,2701676.495361328,0.0,2701676.495361328,0,-7.7826385498046875,0.9115104094514223
2024-07-18,2701676.495361328,0.0,2701676.495361328,0,-6.916595458984375,1.1571356360004477
2024-07-19,2701676.495361328,0.0,2701676.495361328,0,-6.326446533203125,1.23141392292513
2024-07-22,2701626.495361328,-0.0,2701626.495361328,-1,-1.75579833984375,2.217208870193891
2024-07-23,2701626.495361328,187028.50341796875,2888654.998779297,-1,-5.496368408203125,1.1141577042188042
2024-07-24,3065396.3806152344,0.0,3065396.3806152344,0,-9.032196044921875,0.2421353415049203
2024-07-25,3065396.3806152344,0.0,3065396.3806152344,0,-13.376434326171875,-0.9989198463829283
2024-07-26,3065346.3806152344,0.0,3065346.3806152344,1,-16.305084228515625,-1.7084206445348682
2024-07-29,3065346.3806152344,90892.02880859375,3156238.409423828,1,-14.48724365234375,-1.1370735073751557
2024-07-30,3065346.3806152344,203208.16040039062,3268554.541015625,1,-12.240921020507812,-0.595773601783653
2024-07-31,3065346.3806152344,1906.585693359375,3067252.9663085938,1,-16.266952514648438,-1.6854737539709774
2024-08-01,3065346.3806152344,108594.51293945312,3173940.8935546875,1,-14.133193969726562,-1.0590059984519764
2024-08-02,3065346.3806152344,713083.6486816406,3778430.029296875,1,-2.0434112548828125,1.8766707106068274
2024-08-05,3065346.3806152344,688368.9880371094,3753715.3686523438,1,-2.5377044677734375,1.544225319897004
2024-08-06,3065346.3806152344,595100.4028320312,3660446.7834472656,1,-4.403076171875,1.0192808538049036
2024-08-07,3065346.3806152344,585443.115234375,3650789.4958496094,1,-4.596221923828125,0.9014790604675345
2024-08-08,3065346.3806152344,587699.1271972656,3653045.5078125,1,-4.5511016845703125,0.8346101448921722
2024-08-09,3065346.3806152344,612303.1616210938,3677649.542236328,1,-4.05902099609375,0.8583086242899026
2024-08-12,3065346.3806152344,550635.5285644531,3615981.9091796875,1,-5.2923736572265625,0.5774139331611057
2024-08-13,3537482.6599121094,0.0,3537482.6599121094,0,-6.861358642578125,0.2206467253106036
2024-08-14,3537482.6599121094,0.0,3537482.6599121094,0,-10.50311279296875,-0.5042486969004182
2024-08-15,3537432.6599121094,0.0,3537432.6599121094,1,-17.067581176757812,-1.6233863416437642
2024-08-16,3537432.6599121094,109099.57885742188,3646532.2387695312,1,-14.885589599609375,-1.0926794677939669
2024-08-19,3537432.6599121094,235704.80346679688,3773137.4633789062,1,-12.353485107421875,-0.5484394581578633
2024-08-20,3537432.6599121094,228082.275390625,3765514.9353027344,1,-12.505935668945312,-0.5150619822391387
2024-08-21,3537432.6599121094,100402.83203125,3637835.4919433594,1,-15.059524536132812,-0.9333490434430148
2024-08-22,3537432.6599121094,197396.8505859375,3734829.510498047,1,-13.119644165039062,-0.5658746288787231
2024-08-23,3537432.6599121094,242457.58056640625,3779890.2404785156,1,-12.218429565429688,-0.44754001617920747
2024-08-26,3883711.395263672,0.0,3883711.395263672,0,-10.141006469726562,-0.08085598983077083
2024-08-27,3883711.395263672,0.0,3883711.395263672,0,-9.233871459960938,0.07300379245446625
2024-08-28,3883711.395263672,0.0,3883711.395263672,0,-8.73504638671875,0.10337417983827753
2024-08-29,3883711.395263672,0.0,3883711.395263672,0,-11.119888305664062,-0.45450493610308157
2024-08-30,3883711.395263672,0.0,3883711.395263672,0,-15.907608032226562,-1.381491818247755
